{
  "project_info": {
    "project_number": "584530155942",
    "project_id": "project100-d5759",
    "storage_bucket": "project100-d5759.firebasestorage.app"
  },
  "client": [
    {
      "client_info": {
        "mobilesdk_app_id": "1:584530155942:android:47e1c9588e894821821767",
        "android_client_info": {
          "package_name": "com.example.project100"
        }
      },
      "oauth_client": [],
      "api_key": [
        {
          "current_key": "AIzaSyA9uJkIIndZqe9Jp5xbQtQY2z63nrEEjss"
        }
      ],
      "services": {
        "appinvite_service": {
          "other_platform_oauth_client": []
        }
      }
    }
  ],
  "configuration_version": "1"
}